{
  "project_info": {
    "project_number": "426202017593",
    "firebase_url": "https://hack36-4a28a.firebaseio.com",
    "project_id": "hack36-4a28a",
    "storage_bucket": "hack36-4a28a.appspot.com"
  },
  "client": [
    {
      "client_info": {
        "mobilesdk_app_id": "1:426202017593:android:47a6a17d132b9cb5",
        "android_client_info": {
          "package_name": "com.example.hack36"
        }
      },
      "oauth_client": [
        {
          "client_id": "426202017593-d0inue8cmukt557ob8d4b51510a5u1n6.apps.googleusercontent.com",
          "client_type": 1,
          "android_info": {
            "package_name": "com.example.hack36",
            "certificate_hash": "13c85425dd7cd86844577f8590228ec212698bd8"
          }
        },
        {
          "client_id": "426202017593-pag0o3uso4ecbi8br5083du7an2sovuk.apps.googleusercontent.com",
          "client_type": 3
        }
      ],
      "api_key": [
        {
          "current_key": "AIzaSyCs89y5pl7aasROzExiGrDG24O9-K4CgQY"
        }
      ],
      "services": {
        "analytics_service": {
          "status": 1
        },
        "appinvite_service": {
          "status": 2,
          "other_platform_oauth_client": [
            {
              "client_id": "426202017593-pag0o3uso4ecbi8br5083du7an2sovuk.apps.googleusercontent.com",
              "client_type": 3
            }
          ]
        },
        "ads_service": {
          "status": 2
        }
      }
    }
  ],
  "configuration_version": "1"
}