{
  "project_info": {
    "project_number": "826089868083",
    "firebase_url": "https://myapplication1-62669.firebaseio.com",
    "project_id": "myapplication1-62669",
    "storage_bucket": "myapplication1-62669.appspot.com"
  },
  "client": [
    {
      "client_info": {
        "mobilesdk_app_id": "1:826089868083:android:c7fc84d9fddd8a5b",
        "android_client_info": {
          "package_name": "com.example.signup"
        }
      },
      "oauth_client": [
        {
          "client_id": "826089868083-1uil1i1g0a2u31eiesesa4rmgrteh6ha.apps.googleusercontent.com",
          "client_type": 1,
          "android_info": {
            "package_name": "com.example.signup",
            "certificate_hash": "cbefebc0f2511648ce939746ab60d5439c7502ef"
          }
        },
        {
          "client_id": "826089868083-oe95eei03orrink0v058k1ks87f4ujdh.apps.googleusercontent.com",
          "client_type": 3
        }
      ],
      "api_key": [
        {
          "current_key": "AIzaSyCMaDiWiYaZ-4DUdgKA2TG-3WXFcM-RNzY"
        }
      ],
      "services": {
        "analytics_service": {
          "status": 1
        },
        "appinvite_service": {
          "status": 2,
          "other_platform_oauth_client": [
            {
              "client_id": "826089868083-oe95eei03orrink0v058k1ks87f4ujdh.apps.googleusercontent.com",
              "client_type": 3
            }
          ]
        },
        "ads_service": {
          "status": 2
        }
      }
    }
  ],
  "configuration_version": "1"
}